{"CreditScore": {"mean": 650.7024207569881, "std": 96.54564606581519}, "Age": {"mean": 39.02634746556105, "std": 10.604264357753278}, "Tenure": {"mean": 5.023137622040926, "std": 2.895325060787066}, "Balance": {"mean": 76268.26026079978, "std": 62280.46035719027}, "NumOfProducts": {"mean": 1.5286879764611476, "std": 0.5811326731221591}, "HasCrCard": {"mean": 0, "std": 1}, "IsActiveMember": {"mean": 0, "std": 1}, "EstimatedSalary": {"mean": 100313.57381035177, "std": 57570.86035938}, "Geography_Germany": {"mean": 0, "std": 1}, "Geography_Spain": {"mean": 0, "std": 1}, "Gender_Male": {"mean": 0, "std": 1}}